id,title,host,host_name,location,what,days,times,description,description_en,video,image,host_logo,host_bio,host_bio_en,host_image
10,Campo E!State Liberi!,LIBERA Imperia,Maura Orengo,,collab,"25,26,27,28",,-,,,,https://x.scambi.org/others_logos/LIBERA.jpg,"""Libera Imperia tiene molti interventi nelle scuole per aumentare la consapevolezza dei ragazzi riguardo alla mafia, la legalità e la pericolosità del radicamento della criminalità organizzata. Piuttosto che sentir ripetere noiosamente questa storia, con un gioco di ruolo potrete invece mettervi nei panni di un mafioso, un politico o un cittadino. Avendo degli obiettivi diversi e a volte discordanti, dovrete creare alleanze e strategie per arrivare al vostro fine.""","""""",""""""
137,Cantiere Liguria 2,,,,collab,25,,,,,,,,,
26,DWeb Camp,Internet Archive,Wendy Hanamura,,collab,"25,26,27,28",,-,,,,"""""","""""","""""",""""""
93,Pigna Mon Amour,Pigna Mon Amour,Chicca Dedali,,collab,,,-,,,,https://x.scambi.org/others_logos/Pigna_Mon_Amour-1.png,"""""","""""",""""""
94,Supporto del Comune di Sanremo,,,,collab,,,-,,,,,,,
80,Villa Citera a Scambi!,,,,collab,26,,-,,,,,,,
91,"Cineforum ""Scambi in Sala""",Staff Scambi,Tommaso Marmo,"Chiesa di Santa Brigida,Centro Risorse",dissolvenze,"26,27,28",**26**: 15:00-17:00 ; **27**: 15:00-17:00 ; **28**: 15:00-17:00,"""Scambi in Sala"" sarà il cineforum di Scambi Festival, verranno proiettati dei film a tema squilibrio seguiti da un dibattito.","""Scambi in Sala"" will be the film club of Scambi Festival where disequilibrium themed films will be screened followed by a debate",,,"""""",Non servono descrizioni… Chi siamo è raccontato [qui](https://scambi.org/chi-siamo 'Chi siamo — Scambi Festival'),No description needed. Who we are is explained on [here](https://scambi.org/about-us 'About us — Scambi Festival'),""""""
90,Rassegna cortometraggi Dissolvenze,Staff Scambi,Tommaso Marmo,Chiesa di Santa Brigida,dissolvenze,"26,27,28",**26**: 17:15-17:35; **27**: 11:45-12:15; **28**: 17:15-17:35,Durante le giornate del festival saranno proiettati i corti selezionati come finalisti del concorso di Dissolvenze. Alla fine delle proiezioni sarà scelto un corto come vincitore del premio del pubblico.,"During the days of the festival, the short films selected as finalists of the Dissolvenze competition will be screened. At the end of the screenings, a short film will be chosen as the winner of the audience prize.",,,"""""",Non servono descrizioni… Chi siamo è raccontato [qui](https://scambi.org/chi-siamo 'Chi siamo — Scambi Festival'),No description needed. Who we are is explained on [here](https://scambi.org/about-us 'About us — Scambi Festival'),""""""
75,Allestimento collettivo,Staff Scambi,Tommaso Marmo,,evento speciale,25,**25**: 09:30-18:00,,,,,"""""",Non servono descrizioni… Chi siamo è raccontato [qui](https://scambi.org/chi-siamo 'Chi siamo — Scambi Festival'),No description needed. Who we are is explained on [here](https://scambi.org/about-us 'About us — Scambi Festival'),""""""
21,Cerimonia di apertura,"Ministra per le Politiche Giovanili,Pigna Mon Amour","Fabiana Dadone,Chicca Dedali",Piazza Cassini,evento speciale,25,**25**: 18:00-19:00,-,,,,",https://x.scambi.org/others_logos/Pigna_Mon_Amour-1.png",",",",",","
22,Concerto di apertura,Orchestra Note Libere,Cristina Orvieto,Piazza Cassini,evento speciale,25,**25**: 19:00-20:00,L’orchestra Note Libere inaugura la seconda edizione di Scambi Festival,,https://nuvola.scambi.org/s/2Nf3KPYDcxZ2jYX,,"""""","""L’Associazione “Scuola di Musica Città di Sanremo”, in collaborazione con l’Associazione culturale “Corpo bandistico Città di Sanremo” e l’Associazione “Note Libere”, si propone come portavoce di un’iniziativa ambiziosa e innovativa in materia di politica culturale ed educativa: l’attività d’Orchestra come fulcro di una Scuola di apprendimento musicale individuale. L’obiettivo didattico è avvicinare e preparare i giovani al mondo dell’arte, dello spettacolo e della cultura, in modo completo, consentendo sia un percorso di studio di tipo professionale che amatoriale.""","""""",""""""
92,Dialogo con Maricetta Lombardo,"""""",Maricetta Lombardo,,evento speciale,27,**27**: 18:00-19:00,,,,,"""""","""Maricetta Lombardo è una delle più importanti professioniste del suono in Italia. Vincitrice di numerosi premi tra cui il David di Donatello nel 2009 per il film “Gomorra” di Matteo Garrone, nel 2019 per il film “Dogman” di Matteo Garrone e il Nastro d’argento 2018 per il film “L’intrusa” di Leonardo Di Costanzo.""","""""",https://nuvola.scambi.org/f/193183
74,Spiega un pinolo,,,,format,,,-,,,,,,,
55,Attivismo a costo zero,Malegaleco,,Via Tapoletti,lab,"27,28","**27**: 10:30-11:30, 18:00-19:00; **28**: 18:00-19:00","Malegaleco ha l’intento di educare e informare su specifiche tematiche sociali, proponendo soluzioni per combattere le diseguaglianze in Italia. Consapevoli che l’attivismo espone chi lo fa al giudizio della società, questo laboratorio si concentra sulla prevenzione o la gestione delle sue potenziali conseguenze negative.  L’attivismo è quindi l’idea centrale del laboratorio, che mira a comprenderne le basi sia online che offline, e gli strumenti a disposizione per renderla un’esperienza sicura. Il laboratorio indaga quali sono i comportamenti e gli accorgimenti che creano una condizione protetta entro la quale agire, come esplorare la propria identità intersezionale riconoscendo il privilegio individuale; prestare attenzione al tone policing interiorizzato; capire quanto ci si sente psicologicamente sicurз di potersi esporre. Tutto questo per poter agire nel rispetto di se stessз e con sensibilità nei confronti dei gruppi con cui si sta lottando.","Malegaleco aims to educate and inform on specific social issues, proposing solutions to combat inequalities in Italy. Aware that activism exposes those who do so to the judgment of society, this lab focuses on the prevention or management of its potential negative consequences.",,https://x.scambi.org/images/2022/Labs/Attivismo_a_costo_zero.webp,https://x.scambi.org/others_logos/malegaleco_logo.png,"""Malegaleco ha l’intento di educare e informare su specifiche tematiche sociali, proponendo soluzioni per combattere le diseguaglianze in Italia.""","""""",https://drive.google.com/drive/folders/1CPoSeE06WsiTK7rhmzNf65LGbzN2YcnH?usp=sharing
77,Balli Occitani,Balbosco,Teresa De Grandis,Piazza Santa Brigida,lab,27,**27**: 19:00-20:15,"Il Festival Scambi quest’anno ha scelto come filo conduttore il tema degli Squilibri e proprio in questa tematica si inserisce il pomeriggio di sabato 27 dedicato alla danza, a cura dell’Associazione Balbosco d’Oc di Vallecrosia, da anni impegnata nella diffusione dei balli della tradizione popolare. Un passo di danza inizia sempre da una sorta di “squilibrio”: si parte su un piede e si atterra sull’altro, alla ricerca di un nuovo riconquistato equilibrio, solitamente con la partecipazione del gruppo o della persona con cui condividiamo la danza. Alle 18.30 nella suggestiva piazza Santa Brigida è previsto un avvicinamento ai balli tradizionali dell’area occitana per imparare i passi più semplici delle danze di coppia e di gruppo. Alle 21 sarà quindi possibile sperimentare i balli imparati grazie alle musiche dei Lu Barbalùcou che, provenienti dalla contea di Nizza, faranno risuonare le note occitane nella piazza e nei carruggi sanremesi. Vi aspettiamo quindi numerosi per condividere tutti insieme i misteriosi affascinanti “squilibri” dei passi di danza!","This year, Scambi Festival has chosen the theme of disequilibrium and right in this theme is inserted the afternoon of Saturday 27 dedicated to dance, by the Balbosco d'Oc Association of Vallecrosia, for years engaged in the dissemination of dances of popular tradition.
A dance step always begins with a sort of ”disequilibrium”: you start on one foot and land on the other, looking for a new balance, usually with the participation of the group or the person with whom we share the dance.
At 18.30 in the charming Piazza Santa Brigida there will be an approach to the traditional dances of the Occitan area to learn the simplest steps of the couple and group dances.
At 21 you can then experience the dances learned thanks to the music of Lu Barbalùcou that, coming from the county of Nice, will resonate the Occitan notes in the square and carruggi sanremesi.
We look forward to seeing you to share together the mysterious fascinating “disequilibrium” of dance steps!",,https://x.scambi.org/images/2022/Labs/Balli_Occitani.webp,https://x.scambi.org/others_logos/balbosco_logo.jpg,"""BalBosco nasce dall'incontro di persone festose e gioiose che hanno in comune la passione per le danze della tradizione popolare. E' bastata la volontà di incontrarsi, mettendo a disposizione dei nuovi amici le esperienze e le conoscenze dei più o meno veterani. Il nostro intento è divertirci, condividere e ballare ballare ballare!!!""","""""",""""""
9,Cambiare scenario - la scelta nell’antimafia sociale,LIBERA Imperia,Maura Orengo,Piazza Cassini,lab,"26,27,28",**26**: 16:00-17:30; **27**: 16:15-17:45; **28**: 11:00-12:30,"Attraverso l'espediente del gioco di ruolo, questo laboratorio vuole incentivare la riflessione sul complesso contesto in cui si staglia la ribellione della società civile e politica contro le mafie. In secondo luogo, verranno sviscerati, mediante un dibattito, tutti quei fattori senza i quali le cose sarebbero potute andare in modo differente","Through the expedient of role-playing, this lab aims to stimulate reflection on the complex context in which the rebellion of civil and political society against the mafias stands out. Secondly, all the factors without which things could have gone differently",,https://x.scambi.org/images/2022/Labs/Cambiare_Scenario.webp,https://x.scambi.org/others_logos/LIBERA.jpg,"""Libera Imperia tiene molti interventi nelle scuole per aumentare la consapevolezza dei ragazzi riguardo alla mafia, la legalità e la pericolosità del radicamento della criminalità organizzata. Piuttosto che sentir ripetere noiosamente questa storia, con un gioco di ruolo potrete invece mettervi nei panni di un mafioso, un politico o un cittadino. Avendo degli obiettivi diversi e a volte discordanti, dovrete creare alleanze e strategie per arrivare al vostro fine.""","""""",""""""
68,Equilibrare il corpo attraverso lo sport,Homebox,Elena Ricagno,Piazza Cisterna,lab,"26,27,28",**26**: 10:45-11:30; **27**: 11:15-12:00; **28**: 11:15-12:00,"Il nostro corpo si trova spesso a dover stabilire un nuovo equilibrio e a fronteggiare situazioni che lo portano a vivere in una condizione di squilibrio e instabilità. Attraverso questo laboratorio si viene guidati lungo un percorso di riscoperta del proprio corpo, utilizzando differenti materiali propriocettivi e attrezzature sportive. Per partecipare è consigliabile indossare un abbigliamento comodo.","Our body often finds itself having to establish a new balance and face situations that lead it to live in a condition of imbalance and instability.
Through this lab you are guided along a path of rediscovery of your body, using different proprioceptive materials and sports equipment.
To participate it is advisable to wear comfortable clothing.",https://nuvola.scambi.org/apps/files/?dir=/Libellule/2022%20Video%20ospiti&openfile=193410,https://x.scambi.org/images/2022/Labs/Equilibrare_il_corpo.webp,https://x.scambi.org/others_logos/HomeBox-1.png,"""Homebox è un centro fitness che ha aperto da soli due anni a Sanremo, ma ha già conquistato l’attenzione e l’interesse di molte persone.
Immerso nel verde e a diretto contatto con l’ambiente circostante, Homebox offre differenti corsi e allenamenti personalizzati, avendo cura di rispettare e assecondare le esigenze e le caratteristiche di ciascuna persona.

**Alice Farina**: Laureata in Scienze delle Attività Motorie e Sportive presso l'Università degli studi di Torino, insegnante di nuoto e studentessa presso la scuola di Osteopatia OSCE di Bologna, Alice Farina è abile a occuparsi del benessere fisico e mentale delle persone, portandole ad essere più consapevoli di se stesse.
Nel 2020, frequenta un corso di Yoga di 250 ore per diventare istruttrice Yoga Alliance e vola fino in Indonesia, precisamente a Bali, dove vive un periodo estremamente formativo e di crescita personale.

**Elena Ricagno** si laurea in Scienze Motorie presso l’Università di Pavia e successivamente inizia a lavorare per l’Università di Pavia, insegnando per le attività complementari, allenamento funzionale e protocolli fitness.
Dopo aver lavorato nel campo dell'allenamento funzionale in alcune palestre di Pavia, nel 2019 si trasferisce a Sanremo e nel 2020 apre il proprio centro fitness, Homebox, realtà dinamica e molto attiva, che gestisce con grande passione e cura.""","""""",""""""
8,Esperimenti Squilibrati,"Passione Scienza,ITP CERN","Claudio Bortolin,",Palazzo Nota,lab,"26,27,28","**26**: 10:30-12:00, 17:30-19:00; **27**: 10:30-12:00, 17:30-19:00; **28**: 10:30-12:00","Un percorso di esperimenti per scoprire la pervasività dello squilibrio nella natura in cui siamo immersi. Ci accosteremo ad alcuni fenomeni fisici attraverso tecnologie più o meno complesse, accompagnati da esperti nel campo che ci faranno strada per provare ad intuire come lo squilibrio domini l’universo: dalla meccanica alla fisica delle particelle, ci avvicineremo a concetti come quello di entropia e ad entità come quella del campo di Higgs.","A path of experiments to discover the pervasiveness of imbalance in the nature in which we are immersed. We will approach some physical phenomena through more or less complex technologies, accompanied by experts in the field who will lead us to try to guess how the imbalance dominates the universe: from mechanics to particle physics, we will approach concepts such as entropy and to entities such as that of the Higgs field.",,https://x.scambi.org/images/2022/Labs/Esperimenti_Squilibrati.webp,"https://x.scambi.org/others_logos/PASSIONE%20SCIENZA%20LOGO.jpg,https://x.scambi.org/others_logos/ITP-Logo_HD.png","""Claudio Bortolin con il suo libro

Claudio Bortolin è parte dello staff di ingegneri del CERN di Ginevra, dove si dedica all’esperimento ATLAS, occupandosi, in particolare, dei sistemi di raffreddamento del rivelatore. Attraverso la sua pagina Passione Scienza fa convergere la sua professione e la comunicazione con il pubblico, specialmente con i giovani. Seguite i suoi spostamenti: vi porterà in un viaggio tra le scoperte scientifiche, raccontate dai protagonisti! Sull’onda della sua grande attitudine nel trasmettere conoscenza e passione, ha pubblicato da poco per Nerosubianco il romanzo """"L’altra metà del palindromo""""."",""Gli ITP (Italian Teacher Programmes) del CERN sono corsi di formazione in fisica contemporanea riconosciuti dal MIUR, destinati a insegnanti di materie scientifiche delle scuole superiori provenienti dall’Italia o che insegnano presso scuole italiane all’estero. La coordinatrice nazionale, Antonella del Rosso, ha strutturato i laboratori che verranno proposti a Scambi Festival e saranno gli stessi professori dell’ITP a giocare e imparare con voi!""","""Claudio Bortolin works as engineer at CERN in Ginevra, where performs the experiment ATLAS, working in particular on cooling systems of the detector.
Using his page Passione Scienza he combines work and communication with public, especially young people.
Let's follow his movements: he will take you on a journey through scientific discoveries, told by the protagonists!
He published for Nerosubianco the novel """"L'altra metà del palindromo""""."",",",https://images.tommi.space/i?/uploads/j/b/u/jbuqxznr00//2021/08/28/20210828130338-50db893c-me.jpg"
41,Fediverse: Social Network Umani,Etica Digitale,Ciro Ogliastro,Terrazza Santa Brigida,lab,"27,28",**27**: 10:30-11:45; 16:00-17:15 **28**: 10:30-11:45,"Alle origini, i social network erano nati con la promessa di creare dei ponti virtuali tra le persone, consentendo di esprimersi e interagire liberamente. Con la crescita del controllo delle aziende sui social più diffusi, l'obiettivo principale è diventato il profitto: gli utenti si sono trasformati in un prodotto da vendere a inserzionisti. Regolamenti poco chiari e imposti dall'alto, algoritmi che spingono 
dentro bolle che stimolano l’odio sono solo alcuni dei problemi che questi social comportano. Insoddisfatti dei social media tradizionali, una comunità di programmatori e web designer ha deciso di creare il Fediverse: una rete di social network federati (cioè collegati tra loro), autogestiti, decentralizzati e liberi da algoritmi oppressivi. Questo laboratorio racconta l’evoluzione del social networking, esplora la filosofia che guida la rete dei social network alternativi e ne svela il funzionamento in modo chiaro e senza alcuna conoscenza tecnica necessaria.","Originally, social networks were born with the promise of creating virtual bridges between people, allowing them to express themselves and interact freely. With the growth of companies' control over the most popular social networks, the main goal has become profit: users have become a product to sell to advertisers.",,https://x.scambi.org/images/2022/Labs/Fediverse.webp,https://x.scambi.org/others_logos/Etica_Digitale.png,"""Etica Digitale è un gruppo di attivismo sui diritti digitali, nato nel 2019 per informare, tra le altre cose, su tematiche come la privacy, la sorveglianza e l'etica delle intelligenze artificiali. Cerchiamo di vedere la tecnologia con uno sguardo critico e scientifico.

Abbiamo un canale Telegram dove riportiamo regolarmente notizie e un gruppo amichevole dove poter discutere dei temi che trattiamo. Inoltre abbiamo creato PrivaSì, la nostra guida alla privacy, e un server Minetest, un videogioco libero che si rifà al più Minecraft.""","""""",""""""
34,Game Boy Music Production,Kenobit,Fabio Bortolotti,Chiesa di Santa Brigida,lab,26,**26**: 18:00-19:00,"In questo laboratorio, Kenobit ci insegnerà le basi di LSDJ, software per Game Boy che permette di comporre musica a 8 bit. Per partecipare è sufficiente portare un portatile, su cui verrà istallato un emulatore di Game Boy.","Kenobit teaches the basics of LSDJ, Game Boy software that allows you to make 8-bit music. 
To participate you just need a laptop with a Game Boy emulator.",https://nuvola.scambi.org/s/bH75Yz6Sp4o9NZn,https://x.scambi.org/images/2022/Labs/Game_Boy_Music_Production.webp,"""""","""Fabio Bortolotti, in arte Kenobit, traduce, vive e respira videogiochi. Ha trasformato la popolare console degli anni ‘90 in vero e proprio strumento: suona il suo Game Boy in giro per il mondo, con concerti in Africa, Russia, Giappone, Australia, America e in tutta Europa. Verso i vent’anni, Fabio abbandona l’università per scrivere sulle riviste di videogiochi e seguire così il suo sogno d’infanzia.
Ha quindi un passato sulle grandi riviste cartacee (Giochi Per il Mio Computer, Nintendo la Rivista Ufficiale, Xbox Magazine Ufficiale, The Games Machine, PSM) e un presente come intrattenitore su Twitch, dove insieme ad Andrea """"Bisboch"""" Babich e Antonio Bellotta dirige Kenobisboch, un canale dedicato al retrogaming e alla diffusione della cultura del videogioco.""","""""",https://milano.corriere.it/methode_image/2019/05/30/Milano/Foto%20Milano%20-%20Trattate/13161149-kVvG-U31201044109736nkF-1224x916@Corriere-Web-Milano.jpg
111,Il mio mare di parole,Caketussy,,Porta San Giuseppe,lab,"27,28","**27**: 10:00-11:00, 17:30-18:30; **28**: 17:30-18:30","Quando non sto bene, prendo un foglio di carta. Poi una penna, o una matita,lo sporco e sto meglio. Poi mi fermo e lo rileggo e sto proprio bene. E tu, hai mai scritto? No, non valgono i temi a scuola o i curricula per lavoro, intendiamo per te e basta. In questo laboratorio scopriremo la scrittura spontanea presente in ognuno di noi, in modo dinamico e coinvolgente: proveremo a stare scomodi, indagheremo il significato delle emozioni, creeremo una storia, individuale e collettiva. Perché, sotto sotto, siamo tuttз scrittorз.","When I'm not feeling well, I take a sheet of paper. Then a pen, or a pencil, I write something on it. Then I stop and I read it and I'm feeling better.
And you, have you ever written or dreamed to be a writer?
No, essays at school or curricula for work are not valid, I mean writing for you and that's it.
In this workshop, we will discover the spontaneous and instinctive writing present in each of us, in a dynamic and engaging way: we will challenge ourselves, investigate the meaning of emotions and create an individual and collective story.
Because, deep down, we are all writers.",,https://x.scambi.org/images/2022/Labs/I_Teatri_degli_Squilibri.webp,"""""","""""","""""",""""""
86,"Il sorriso, Squilibrio di Massa",Villa Citera + altre cose,Christian Gullone,Piazza Cassini,lab,28,"**28**: 10:00-11:00, 17:00-18:00","Il sorriso come arma di costruzione di massa, il prendersi seriamente poco sul serio, una breve analisi sull'azione comica come azione di seria armonia con l'altro, un breve laboratorio per scoprire il folle che si affama dentro di noi, con incursioni nella clownerie nella commedia dell'arte e nell'inclusione sociale, perchè in fondo siamo tutti scemi uguali.","The smile as a weapon of mass construction, taking oneself little seriously. A brief analysis on comic action as an act of serious harmony with the other, a short workshop to discover the madman who starves inside us, with forays into clowning, commedia dell'arte and social inclusion, because basically we are all idiots alike.",,https://x.scambi.org/images/2022/Labs/Il_mio_mare_di_parole.webp,"""""","""""","""""",""""""
12,Il teatro dello squilibrio: i teatri degli squilibri,O.d’A.d’A.,Valerio Amadeo,Piazza San Costanzo,lab,"26,27,28","**26** 17:00-18:15; **27** 10:00-11:15; **28** 10:00-11:15, 16:30-17:45","Amadeo, originario della Pigna e dedito da tutta la vita all'arte del teatro, riflette sui concetti del “teatro” e dei “teatri” dello Squilibrio - presenti nella vita di ogni giorno. Il laboratorio quindi esplora due ambiti imprescindibili del teatro: la componente scenografica e quella performativa, le quali Amadeo unisce con la costruzione di strutture tensegrali, di personaggi in materiale riciclabile e la stesura di un copione.","Amadeo, a native of the Pigna and dedicated since youth to the art of theatre, reflects on the concepts of “theater” and “theaters” of Disequilibrium - present in everyday life.  The lab then explores two essential areas of the theater: the scenic component and the performative, which Amadeo combines with the construction of tensegral structures, characters in recyclable material and the writing of a script.",https://nuvola.scambi.org/s/9Biq9MoRccoqsBY,"https://x.scambi.org/images/2022/Labs/Il_Sorriso,_Squilibrio_di_massa.webp","""""","""""","""""",""""""
43,Inside Out,"""""",Giovanni De Mattia,Giardini Regina Elena,lab,"26,27,28","**26**: 10:00-12:00, 16:30-18:30; **27**: 10:00-12:00, **28**: 10:00-12:00, 16:00-18:00","La teatroterapia è uno strumento di cura e crescita personale basata sul teatro. Con essa l'utente sarà in grado di sfruttare le proprie potenzialità di elaborare creativamente le sensazioni e le emozioni. Il gioco e il simbolo diventano quindi i protagonisti e gli strumenti principali, grazie ai quali chiunque, a prescindere da abilità fisiche, tecniche o artistiche, potrà mettersi in gioco provando a scoprire sé stesso in un modo che quotidianamente non ci si permette.","Theater-therapy is a personal growth and care tool. With it the user will be able to exploit their potential to creatively process sensations and emotions. 
The game and the symbol therefore become the main protagonists and tools, thanks to which anyone, regardless of physical, technical or artistic skills, can get involved trying to discover themselves in a way in which we are not allowed daily",https://nuvola.scambi.org/s/5LwSqw69wzrteb5,https://x.scambi.org/images/2022/Labs/Inside_Out.webp,https://x.scambi.org/others_logos/Teatroterapia.png,"""Giovanni De Mattia nasce a Sanremo il 07 settembre del 1993. È un teatroterapeuta, attore di teatro e cinema e insegnante di yoga. 
Da sei anni conduce incontri e workshops di teatroterapia integrata in diverse città tra cui Sanremo, Genova, Milano e Bologna.""","""Giovanni De Mattia was born in Sanremo on 7 september 1993. He is a theater therapist, cinema and theater actor and yoga teacher.
He has been leading integrated theater therapy   meetings and workshops in many cities like Sanremo, Genova, Milano and Bologna.""",https://nuvola.scambi.org/s/zk4NqocPxjAkTF5
72,Kleckso-Art,"""""",Vittorio Toesca,Terrazza Santa Brigida,lab,26,"**26**: 10:00-11:30, <span class='eng'>11:30-13:00</span>","L’arte è a portata di tutti e chiunque può creare un’opera creativa in poco tempo. Attraverso la tecnica della Klecksografia possiamo ristrutturare gli squilibri che allontanano le persone dalla fruizione artistica e dalla produzione di pezzi unici e fantasiosi, significativi soprattutto per chi li ha creati dal momento che il proprio mondo interiore viene letteralmente riversato su carta.  L’arte non deve necessariamente essere elitaria ma può essere libera, spontanea e condivisa. Riscoprire le nostre potenzialità nascoste è un processo “magico” e piacevole.","Art is available to everyone and anyone can create a creative work in a short time. 
Through the technique of Klecksography we can restructure the imbalances that distance people from the artistic fruition and the production of unique and imaginative pieces, especially significant for those who created them since their inner world is literally poured on paper. 
Art does not necessarily have to be elitist but it can be free, spontaneous and shared. Rediscovering our hidden potential is a “magical” and pleasant process.",,https://x.scambi.org/images/2022/Labs/Kleckso-Art.webp,"""""","""Io sono un non-artista. L’arte è dentro le persone ed emerge attraverso la pittura, la connessione e la condivisione. Noi siamo in grado di creare pezzi d’arte unici, con ogni mezzo personale e impersonale a nostra disposizione. Le persone hanno semplicemente bisogno di prendere qualche colore, un pezzo di carta e possono creare, tramite la Klecksografia, un’opera speciale, unica, e individuale in pochissimo tempo. Ogni opera è la proiezione del proprio mondo interiore ed è pura magia. Amo chiamare questo processo “Democratizzazione dell’arte” dato che è gratuita e alla portata di tutti. Quindi getta qualche macchia di inchiostro su un foglio di carta e chiediti: “Cosa potrebbe essere?”""","""I am a non-artist. Art is inside people and emerges through paint, connection and sharing. We are capable of creating a unique piece of art, with any personal mean or impersonal tool at our disposal. People just need to pick up some colors and a piece of paper and through <cite>Klecksographie</cite> they can create a valuable, special, uncommon and individual oeuvre in a very short time. Each and every piece is one and only and the projection of one's inner world onto it is pure unexampled magic. I love calling this process <q>Democratization of Art</q> since it’s basically free and at anyone's disposal. So just throw some inkblots onto paper and ask yourself: <q>What could it be</q>?""",""""""
7,La finestra di Overton: realizzare l’utopia,"""""",Alessandro Sahebi,Oratorio San Costanzo,lab,28,"**28**: 16:00 - 17:30, 18:00 - 19:30","Alessandro Sahebi terrà un tavolo di discussione che si concentrerà attorno a due argomenti: meritocrazia e crisi climatica dal punto di vista politico. I partecipanti ascolteranno una breve introduzione sui temi fatta dal Labber per poi prendere parte attivamente al Lab sviluppando riflessioni e considerazioni a riguardo, confrontandosi con gli altri partecipanti e con Alessandro stesso. L’obiettivo è portare le persone a prendere consapevolezza di questioni legate allo squilibrio (nel clima e riguardo al merito) e a sviluppare un pensiero grazie al confronto e alla collaborazione.","Alessandro Sahebi will hold a discussion table that will focus on two topics: meritocracy and the climate crisis from a political point of view.
Participants will listen to a short introduction on the topics made by the facilitator and then take an active part in the Lab by developing reflections and considerations about it, comparing themselves with the other participants and with Alessandro himself.
The goal is to bring people to become aware of issues related to disequilibrium (in the climate and with regard to merit) and to develop thinking through comparison and collaboration.",https://nuvola.scambi.org/s/K9P8epX4oxWB7S6,https://x.scambi.org/images/2022/Labs/La_finestra_di_Overton.webp,"""""","""Alessandro Sahebi è un giornalista freelance e attivista che si occupa di politica, di giustizia sociale e di disuguaglianze. Nato nel 1989, scrive per The Post Internazionale, Left, The Vision e Affari Italiani.""","""Alessandro Sahebi is a freelance journalist and activist who deals with politics, social justice and inequality.
Born in 1989, he writes for The Post Internazionale, Left, TheVision and Affari Italiani.""",""""""
4,Laboratalbero,"Fridays For Future Ventimiglia,","Pietro Pizzo,Giampiero Cane",Giardini Regina Elena,lab,"27,28",**27**: 16:00-18:00; **28**: <span class='eng'>16:00-18:00</span>,"Qual è il ruolo di un albero in una città sempre più calda, affollata e frenetica? Cosa si può fare per proteggere la natura che incontriamo quasi per caso tra una strada asfaltata e un edificio di dieci piani? Il Laboratalbero esplorerà lo squilibrio fra verde cittadino ed aree urbanizzate tramite attività, giochi e riflessioni sugli effetti che esso ha su corpo e mente. E non finisce qui! Sarai proprio tu a ravvivare un angolo della Pigna, piantando alberi e fiori sotto la guida esperta dei labbers. Cosa aspetti? Ci troverai ai Giardini Regina Elena con vanghe ed annaffiatoi!","What is the role of a tree in an increasingly hot, crowded and frenetic city? What can be done to protect the nature that we encounter almost by chance between a paved road and a ten-storey building? Laboratalbero will explore the disequilibrium between green city and urbanized areas through activities, games and reflections on the effects that it has on body and mind. And it doesn’t stop there! You will be the one to liven up a corner of Pigna, planting trees and flowers under the expert guidance of the labbers.  What are you waiting for? You will find us at Regina Elena Gardens with spades and watering cans!",https://nuvola.scambi.org/s/MaNsq8RnfiXmW7J,https://x.scambi.org/images/2022/Labs/Laboratalbero.webp,",","Pietro è uno studente e attivista di Fridays for Future Ventimiglia. Si occupa di sostenibilià,""Storico insegnante dell'Istituto Agrario di Sanremo, Gian Piero Cane è da sempre al fianco dei giovani e dei più fragili, insegnando il rispetto e la conservazione della natura da almeno cinquant'anni.""",",",","
1,Nodi,"""""",Jennifer Guerra,Oratorio San Costanzo,lab,"26,27","**26**: 10:15-11:15, 17:30-18:30; **27**: 17:00-18:00","Il Femminismo si è occupato e continua ad occuparsi di superare il millenario squilibrio fra i generi.  Tuttavia, non preoccupatevi, questo laboratorio non tenterà di proporre una lezione esaustiva sulle questioni di genere. Al contrario, si cercherà di ragionare sull'Identità, un concetto mutevole e complesso, che spesso si colloca alla base di discriminazioni e disuguaglianze, ma che potrebbe essere portatore di enormi ricchezze se solo imparassimo a intersecarci con gli altri senza pregiudizi.  Insomma, si tratta di un laboratorio per scoprirsi e scoprire, facendo luce sui privilegi e gli automatismi che non permettono una convivenza pacifica delle differenze.","Feminism has dealt and continues to deal with overcoming the millennial disequilibrium between genders.

However, don't worry, this lab will not attempt to offer a comprehensive lesson on gender issues. Instead, we will try to reason about Identity, a changing and complex concept, which often lies at the basis of discrimination and inequalities, but which could be the vehicle of enormous wealth if only we learned to intersect with others without prejudices.

In short, it is a lab to discover oneself and discover, shedding light on the privileges and automatisms that do not allow a peaceful coexistence of differences.",https://nuvola.scambi.org/s/FxY9REq2qgKLX96,https://x.scambi.org/images/2022/Labs/Nodi.webp,https://x.scambi.org/others_logos/jennifer_guerra.png,"""Jennifer Guerra è una giornalista e scrittrice che si occupa di Femminismo e tematiche LGBTQ+. Ha scritto per The Vision, L'Espresso, La Stampa, 7 Corriere e Fanpage.it. Ha pubblicato due libri, """"Il Corpo Elettrico"""" (Tlon, 2020) e """"Il capitale amoroso. Manifesto per un Eros politico e rivoluzionario"""" (Bompiani, 2021).""","""Jennifer Guerra is a journalist and writer who deals with topics related to feminism and LGBTQ+ community.
She wrote for TheVision, L'Espresso, La Stampa, 7 Corriere and Fanpage.it.
She has published two books: """"Il corpo elettrico"""" (Tlon, 2020) and """"Il capitale amoroso. Manifesto per un Eros politico e rivoluzionario"""" (Bompiani, 2021)""",https://nuvola.scambi.org/apps/files/?dir=/assets/profile_pics&openfile=198610
5,Squilibrio e ambiente,Extintion Rebellion (XR),Ilaria,Terrazza San Costanzo,lab,"26,27,28","**26**: 10:00-12:00, 17:00-19:00; **27**: 17:00-19:00; **28**: 10:00-12:00, 17:00-19:00","Nella prima parte del laboratorio ci metteremo alla pari riguardo alla situazione climatica: ultimi dati scientifici, convenzioni, previsioni per il futuro prossimo. Scopriremo cos’è XR e saremo introdotti al complesso funzionamento di questo movimento. Ci confronteremo, poi, sul nostro stato emotivo al cospetto delle grandi sfide di adattamento che ci riguardano oggi, per capire come è possibile fronteggiare lo squilibrio ambientale insieme.","In the first part of the lab we will put ourselves at the level of the climate situation: latest scientific data, conventions, forecasts for the near future. We will discover what XR is and we will be introduced to the complex functioning of this movement. We will then discuss our emotional state in the face of the great adaptation challenges that concern us today, to understand how we can face the environmental imbalance together.",,https://x.scambi.org/images/2022/Labs/Squilibrio_e_ambiente.webp,https://x.scambi.org/others_logos/logo_extinction_rebellion.png,"""Extinction Rebellion è un movimento decentrato, internazionale e politicamente apartitico che utilizza l’azione non violenta e la disobbedienza civile per convincere i governi a intervenire sull’emergenza climatica ed ecologica. In Italia sono attivi vari gruppi, tra cui quello di Venezia, ospite a Scambi 2022.""","""Extinction Rebellion is a decentralized, international and nonpartisan movement using non-violent action and civil disobedience in order to convince governments to take action on the climate and ecological emergency.
In Italy there are many active groups, for example the one from Venice, guest at Scambi 2022.""",https://nuvola.scambi.org/s/bBsQ5qkne8qbRGm
45,Tai Chi,ASD Liberalamente,Rossella Piccinelli,Giardini Regina Elena,lab,"26,27",**26**: 18:30-19:30; **27**: 18:30-19:30,"Rossella, insegnante di Tai Chi, è appassionata dell'arte marziale e fiduciosa nel suo potere riequilibrante tra l'energia Yin e Yang. Porta a Scambi la sua conoscenza per esplorare lo squilibrio fisico a favore del rafforzamento spirituale, da cui tutti possiamo trarre un punto di stimolo e crescita.","Rossella, Tai Chi teacher, is passionate about this martial art and believes in its balancing power of the Yin and Yang energies.
She brings her knowledge to Scambi in order to explore physical imbalance to benefit spiritual strengthening, which can be for us all a starting point for growth.",https://nuvola.scambi.org/s/N6stWmTfKfLCRQb,https://x.scambi.org/images/2022/Labs/Tai_Chi.webp,https://x.scambi.org/others_logos/logo_liberamente.png,"""""","""""",https://nuvola.scambi.org/s/JHsEqtSsXjNo3Ai
28,Vado a mappare la Pigna su #OpenStreetMap,Open Street Map Italia,Valerio Bozzolan,itinerante,lab,27,"**27**: 15:00-16:00, 16:15-17:15, 17:30-18:30","Porta almeno una persona cara in questo laboratorio e costringiamo questa persona a: - imparare cosa sia la più grande mappa collaborativa e libera al mondo: OpenStreetMap! - scoprire come si descrive la realtà in OpenStreetMap (spoiler: tutto è un tag... ma quale?) - imparare come infilare una Pigna in OpenStreetMap. Facciamo insieme due passi per la Pigna con una mappa del tesoro e l'app StreetComplete, per contribuire a mappare al meglio e in tempo reale e con coordinazione il quartiere più amato di San Remo! Le squadre saranno valutate e la vincitrice che avrà contribuito in maniera più meravigliosa avrà gelato offerto. Seguirà foto ricordo di gruppo (con mascherina). Requisiti rigidissimi per partecipare: - bere acqua (la nonna diceva sempre che l'idratazione è importante, soprattutto per mappare d'estate - oh!) - in squadra almeno una persona con Android e col telefono carico / powerbank - abbastanza senso dell'orientamento per non perdersi con una mappa in mano","Bring at least one loved one into this lab and we force this person to:
- learn what is the world’s largest collaborative and free map: OpenStreetMap!
- find out how you describe the reality in OpenStreetMap (spoiler: everything is a tag... but which one?)
- learn how to insert a Pigna in OpenStreetMap

Let’s take a walk together for the Pigna with a treasure map and the StreetComplete app, to help map the best and in real time and with coordination the most beloved neighborhood of San Remo!

The teams will be evaluated and the winner who has contributed in the most wonderful way will have ice cream offered.  It will follow photo memory of group (with mask).

Strict requirements to participate:
- drinking water (grandmother always said that hydration is important, especially for mapping summer - oh!)
- Team at least one person with Android and phone loaded / powerbank
- enough sense of direction not to get lost with a map in hand",https://nuvola.scambi.org/s/MQXLPPWwT5XKFc3,https://x.scambi.org/images/2022/Labs/Vado_a_mappare_la_Pigna.webp,"""""","""Valerio è direttore volontario dell'Italian Linux Society, la più grande associazione di volontariato per il software libero e l'open source, dal 1994 in Italia.

Nato a Torino; vive a Milano; al momento lavora completamente in remoto come full-stack web developer e GNU/Linux sysadmin, in una società di Torino in cui è usato molto software libero, fra cui Phabricator, Java, Tomcat e Zabbix. Sia colleghi che colleghe usano GNU/Linux sui portatili aziendali.

Nel tempo libero mappa su OpenStreetMap, contribuisce ai progetti Wikimedia e aiuta in soluzioni self-hosting.

È fra i soci di Italian Linux Society, FSF, FSFE, InformAzioni e Wikimedia Italia!""","""""",https://upload.wikimedia.org/wikipedia/commons/c/cf/Compleanno_Wikimedia_Italia_2020_04_Valerio_Bozzolan.jpg
61,Art Ateliér,Art Atèlier,Valentino Sabatini,Rivolte di San Sebastiano,pinolo,"26,27,28",,Art Atelier è una piccola impresa locale dove si possono trovare oggetti manufatti di legno di ulivo,Art Atelier it's a little local business where you can find artworks in olive wood.,,https://x.scambi.org/images/pino_links/pinolo_art_atelier.webp,"""""","""""","""""",""""""
38,BACA,BACA,Icedoc,Piazza Cassini,pinolo,"27,28",,"Col pinolo dei B.A.C.A. (*Bikers Against Child Abuse*) sarà possibile conoscere chi sono, cosa fanno a livello mondiale e, per i più piccoli, fare foto in sella alle loro Harley","With the pinolo of B.A.C.A. (Bikers Against Child Abuse) it’ll be possible to know who they are, what they do worldwide and, for the little ones, to take photos on their Harleys",,https://x.scambi.org/images/pino_links/baca.webp,https://x.scambi.org/others_logos/BACA.png,"""B.A.C.A. (Bikers Against Child Abuse) è un'organizzazione motociclistica internazionale ed è stata fondata nel 1995 a Provo, Utah, da B John Paul """"Chief"""" Lilly. La loro missione è aiutare, sostenere e difendere bambini e ragazzi vittime di abusi. L’organizzazione afferma di """"esistere con l'intento di creare un ambiente più sicuro per i bambini abusati"""".""","""""",""""""
42,Costa Ligure,Costa Ligure,Alessandro Viale,Piazza Cassini,pinolo,26,,"Costa Ligure è fra i principali produttori italiani di pesto alla genovese, paté, creme di verdura, bruschette, sughi e conserve in olio.<br>
I loro clienti trovano qualità e autenticità che contraddistinguono un prodotto artigianale.","Costa Ligure is one of the main italian productors of ""pesto alla genovese"", ""patè"" vegetable creams, bruschetta, sauces and preserves in oil. <br>
Their customers find quality and authenticity that distinguish a handcrafted product.",,https://x.scambi.org/images/Costa_Ligure.webp,https://x.scambi.org/others_logos/logo-costa-ligure.png,Controlla i seguenti link per saperne di più sulla storia di Cubbit.,"""""",""""""
56,Da Capo,Staff Scambi,Tommaso Marmo,Piazzetta dei Ferri,pinolo,"26,27,28",,"Da Capo ti da l'opportunità di scambiare a costo zero abiti e accessori con altri partecipanti di Scambi Festival, donandogli una nuova vita. L'industria tessile e dell'abbigliamento è la seconda più inquinante al mondo, responsabile del 10% delle emissioni globali di CO2. In più, acquistando capi di grandi brand che non garantiscono trasparenza né una produzione etica, rischiamo di finanziare lo sfruttamento dei loro lavoratori, l'impiego di bambini e minorenni, stipendi irrisori e la mancanza di protezione sociale. La moda di seconda mano è un modo semplice, inclusivo ed economico per diminuire l'impatto ambientale e sociale del nostro guardaroba, avendo cura sia delle altre persone, che del nostro corpo e dell'ambiente. Ti aspettiamo!","Da Capo gives you the chance of exchanging clothes  and accessories entirely for free with other Scambi participants, giving them a new life.

The textile and fashion industry is the second most polluting worldwide, responsible for about 10% of global carbon dioxide emissions.

Furthermore, by buying clothes of big enterprises that do not guarantee transparency nor an ethical production chain, we might end up sponsoring the exploitation of their workers, the employment of underage youth, unbearably low wages and a lack of social protection.

Thrifting is a simple, inclusive and cheap way to diminish the environmental and social impact of our clothing, taking care of other people, the environment and our bodies.

See you at Da Capo!",,https://x.scambi.org/images/pino_links/da_capo.webp,"""""",Non servono descrizioni… Chi siamo è raccontato [qui](https://scambi.org/chi-siamo 'Chi siamo — Scambi Festival'),No description needed. Who we are is explained on [here](https://scambi.org/about-us 'About us — Scambi Festival'),""""""
32,Goldwire,Goldwire,Beppe Assenou,Piazza Cassini,pinolo,"27,28",,Goldwire è una rete d'impresa finalizzata a condividere  idee e progetti di natura creativa e artigianale,Goldwire is a business network aimed at sharing ideas and projects of a creative and artisanal nature,,https://x.scambi.org/images/pino_links/goldwire.webp,"""""","""""","""""",""""""
13,Il Buco,Barrio Buidlers,Miriam Tinarelli,Piazza Santa Brigida,pinolo,"25,26,27,28",,"BARRIO BUIDLERS unisce arte e tecnologia assistendo gli artisti ad approcciarsi al mondo della blockchain, prendendosi cura della creazione degli NFTs collegati alle opere fisiche. La comunità di artisti parteciperà a progetti ed eventi di rivalutazione, inoltre, grazie alla blockchain, il loro supporto verrà riconosciuto in maniera trasparente e atemporale","BARRIO BUIDLERS brings together art and technology by assisting artists to approach the world of blockchain, taking care of the creation of NFTs connected to physical works. The community of artists will participate in projects and events of revaluation, also thanks to the blockchain, their support will be recognized in a transparent and timeless way.",,https://x.scambi.org/images/pino_links/il_buco.webp,https://x.scambi.org/others_logos/barrio_builders.jpg,"""BARRIO BUIDLERS unisce arte e tecnologia assistendo gli artisti ad approcciarsi al mondo della blockchain, prendendosi cura della creazione degli NFTs collegati alle opere fisiche.
 
La comunità di artisti parteciperà a progetti ed eventi di rivalutazione, inoltre, grazie alla blockchain, il loro supporto verrà riconosciuto in maniera trasparente e atemporale.""","""""",""""""
132,Leideebs & Kunf3,Leideebs & Kunf3,Beatrice De Nicola,Piazza Cassini,pinolo,"25,26",,"Siamo due giovani artigiane autoctone della Pigna di Sanremo, con laboratorio all’inizio delle Rivolte di San Sebastiano.
Il nostro obiettivo principale è quello di combattere la fast fashion economy, cercando di generare consapevolezza e coscienza nelle persone attraverso l’offerta di prodotti fatti a mano provenienti da materiali 100% naturali.
Ogni articolo è un pezzo unico realizzato dalle mani di due giovani donne.","We’re two young artisans natives of the Sanremo’s Pigna, with laboratory based at the beginning of Rivolte di San Sebastiano.
Our main goal is to avoid the fast fashion economy, trying to generate awareness through offering handmade products coming from 100% natural materials.
Every article is a unique piece made by two girls hands.",,https://x.scambi.org/images/LeideebsnKunf3/2.webp,"""""","""""","""""",""""""
121,Omas Seifen,Omas Seifen,Alessia Curti,Piazza Cassini,pinolo,"27,28",,"Omas Seifen è un'azienda per la cura del corpo. 
Materie prime preziose, ricette raffinate e un'attenzione senza compromessi ai dettagli entrano nell'artigianato del sapone fatto a mano. 

Omas Seifen offre una vasta gamma di prodotti: 
Saponi per il corpo, shampoo, struccanti, balsami per le labbra ... e molto di più. 

Tutto fatto a mano con amore e prodotti 100% naturali!","Omas Seifen is a body care company.
Precious raw materials, refined recipes and uncompromising attention to detail go into the craft of handmade soap.

Omas Seifen offers a wide range of products:
Body soaps, shampoos, make-up removers, lip balms ... and much more.

All handmade with love and 100% natural products.",,https://x.scambi.org/images/Omas_Seifen/1.jpg,"""""","""""","""""",""""""
102,Panni Macrame,,,Piazza Santa Brigida,pinolo,28,,decorazione da parete in stile macrame,decoration wall pannos in macrame style,,https://x.scambi.org/images/pino_links/panni_macrame.webp,,,,
123,SanTo,OfficineBrand,Domenico Graglia,Palazzo Gentile,pinolo,"25,26,27,28",**26**: 18:00-19:00,"Il centro storico della città di Sanremo, La Pigna, e Borgo Campidoglio, a Torino si uniscono per una collettiva di arte contemporanea per celebrare il profondo rapporto che lega le due città attraverso le riflessioni di 10 artisti con le loro opere.","The historic center of the city of Sanremo, La Pigna, and Borgo Campidoglio, in Turin come together for a contemporary art collective to celebrate the deep relationship that binds the two cities through the reflections of 10 artists with their works.",,https://officinebrand.it/wp-content/uploads/listing-uploads/gallery/2022/07/SANTO-LOCANDINA-A3-e-A6-scaled.jpg,"""""","""OfficineBrand è lo strumento che connette i brand, le comunità e le persone per promuovere la cultura, il turismo, lo sport e le attività commerciali dei territori

Su OfficineBrand scopri i brand che animano i territori, trovi eventi culturali, di intrattenimento, sportivi, concerti, mostre,  aperitivi e puoi beneficiare di opportunità concesse gratuitamente dai brand.""","""""",""""""
57,SquiLibristi,Staff Scambi,Tommaso Marmo,"Piazzetta dei Ferri,La Ciotola",pinolo,"26,27,28",**26**: 8:45-10:00; **27**: 8:45-10:00; **28**: 8:45-10 (Piazzetta dei Ferri),Proseguendo l'avventura del nostro Gruppo Di Lettura ci troverete tutte le mattine a La Ciotola per leggere e ascoltare parole e riflessioni legate allo squilibrio accompagnati da un cappuccino e una focaccia appena sfornata.,Continuing the adventure of our Reading Group you will find us every morning at La Ciotola to read and listen to words and reflections related to imbalance accompanied by a cappuccino and a freshly baked focaccia.,,https://x.scambi.org/images/poesieacolazione_lis.jpg,"""""",Non servono descrizioni… Chi siamo è raccontato [qui](https://scambi.org/chi-siamo 'Chi siamo — Scambi Festival'),No description needed. Who we are is explained on [here](https://scambi.org/about-us 'About us — Scambi Festival'),""""""
134,The Daisy Folk,The Daisy Folk,Gilda Iannoni,Piazza Cassini,pinolo,27,,"Questo brand è stato creato per dare un po’ di spensieratezza e colore a chi lo indossa. 

È in parte ispirato alla cultura hippie anni 70. Vestiti colorati, van, tanto amore e libertà. Vorrei che chi lo indossasse si sentisse come quando si indossa un fiore tra i capelli. Avete mai intrecciato una coroncina di fiori di campo? Magari di margherite.

Less perfection more authenticity è invece il concetto chiave del brand.
Ciò che crea un artigiano è qualcosa di unico e mai uguale. Ci permette di essere esprimere noi stessi in modo autentico ed originale e non c'è cosa più bella dell'essere diversi, avere la libertà dare il permesso a noi stessi di essere noi stessi e vivere liberi dalle idee e le aspettative altrui.","This brand was created to give a bit of lightheartedness and color to the wearer. It is partly inspired by the 70's hippie culture. Colorful clothes, van life, lots of love and freedom. I wish the wearer would feel like wearing a flower in their hair. Have you ever woven a wreath of wildflowers? Maybe with daisies.

Less perfection more authenticity is instead the key concept of the brand. What a craftsman creates is something unique and never the same. It allows us to be express ourselves in an authentic and original way and there is nothing more beautiful than being different, having the freedom to give ourselves permission to be ourselves and live free from the ideas and expectations of others.",,https://x.scambi.org/images/The_Daisy_Folk/1.webp,"""""","""""","""""",""""""
131,Understanding Europe,Understanding Europe,Daniela Cappuccio,Piazza Cassini,pinolo,"26,27,28",,"Understanding Europe è una rete educativa transnazionale, di cui il Parlamento Europeo Giovani è promotore in Italia, che mira a responsabilizzare i giovani in Europa attraverso l'educazione alla cittadinanza democratica e cerca di dar loro voce. 
I nostri formati e metodi educativi si basano sull'approccio della Peer Education: sono inclusivi e dialogici e favoriscono la partecipazione di gruppi target diversamente socializzati. Il progetto crea uno spazio protetto per l'apprendimento e la collaborazione, offrendo ai giovani l'opportunità di esplorare, conoscere se stessi, comprendere meglio altre visioni ed esperienze del mondo e confrontarsi su tematiche spesso escluse dai tradizionali programmi scolastici
Nel nostro Pinolo a Scambi vogliamo promuovere piccoli dibattiti su tematiche europee, raccogliere opinioni e provocazioni e rispondere a domande sulla storia, le istituzioni, le competenze e l’attualità dell’Unione Europea.","Understanding Europe is a transnational educational network, of which the European Youth Parliament is a promoter in Italy, that aims to empower young people in Europe through education for democratic citizenship and seeks to give them a voice. 
Our educational formats and methods are based on the Peer Education approach: they are inclusive and dialogic and encourage the participation of differently socialized target groups. The project creates a protected space for learning and collaboration, providing opportunities for young people to explore, learn about themselves, better understand other worldviews and experiences, and engage with issues often excluded from traditional school curricula.
In our Pinolo at Scambi we want to promote small debates on European issues, gather opinions and provocations, and answer questions about the history, institutions, competences and current main topics of the European Union.",,https://x.scambi.org/images/Understanding_Europe/1.jpg,"""""","""Understanding Europe è una rete educativa transnazionale, di cui il Parlamento Europeo Giovani è promotore in Italia, che mira a responsabilizzare i giovani in Europa attraverso l'educazione alla cittadinanza democratica e cerca di dar loro voce. 
I nostri formati e metodi educativi si basano sull'approccio della Peer Education: sono inclusivi e dialogici e favoriscono la partecipazione di gruppi target diversamente socializzati. Il progetto crea uno spazio protetto per l'apprendimento e la collaborazione, offrendo ai giovani l'opportunità di esplorare, conoscere se stessi, comprendere meglio altre visioni ed esperienze del mondo e confrontarsi su tematiche spesso escluse dai tradizionali programmi scolastici.""","""Understanding Europe is a transnational educational network, of which the European Youth Parliament is a promoter in Italy, that aims to empower young people in Europe through education for democratic citizenship and seeks to give them a voice. 
Our educational formats and methods are based on the Peer Education approach: they are inclusive and dialogic and encourage the participation of differently socialized target groups. The project creates a protected space for learning and collaboration, providing opportunities for young people to explore, learn about themselves, better understand other worldviews and experiences, and engage with issues often excluded from traditional school curricula""",""""""
20,Concerto + Balli Occitani,"Balbosco,Lu Barbalocou","Teresa De Grandis,",Piazza Santa Brigida,serata,27,**27**: 21:30-22:30,,,,,"https://x.scambi.org/others_logos/balbosco_logo.jpg,https://x.scambi.org/others_logos/Lu_Barbalucou.jpg","""BalBosco nasce dall'incontro di persone festose e gioiose che hanno in comune la passione per le danze della tradizione popolare. E' bastata la volontà di incontrarsi, mettendo a disposizione dei nuovi amici le esperienze e le conoscenze dei più o meno veterani. Il nostro intento è divertirci, condividere e ballare ballare ballare!!!"",",",",",https://x.scambi.org/images/Lu_Barbalucou.jpeg"
23,Concerto di chiusura,Perfect Sex Tales,Giacomo Persico,Piazza Santa Brigida,serata,28,**28**: 22:30-23:30,-,,,,https://x.scambi.org/others_logos/pst_logo.jpg,"""""","""""",""""""
78,Internet Breakfast Live Set,Internet Breakfast,Marco Saruppi,,serata,26,**26**: 22:15-22:30,-,,,,"""""","""""","""""",""""""
35,Kenobit Live Set,Kenobit,Fabio Bortolotti,Piazza Santa Brigida,serata,26,**26**: 22:45-24:00,-,,https://nuvola.scambi.org/s/PdGjftsnFbHY9zk,,"""""","""Fabio Bortolotti, in arte Kenobit, traduce, vive e respira videogiochi. Ha trasformato la popolare console degli anni ‘90 in vero e proprio strumento: suona il suo Game Boy in giro per il mondo, con concerti in Africa, Russia, Giappone, Australia, America e in tutta Europa. Verso i vent’anni, Fabio abbandona l’università per scrivere sulle riviste di videogiochi e seguire così il suo sogno d’infanzia.
Ha quindi un passato sulle grandi riviste cartacee (Giochi Per il Mio Computer, Nintendo la Rivista Ufficiale, Xbox Magazine Ufficiale, The Games Machine, PSM) e un presente come intrattenitore su Twitch, dove insieme ad Andrea """"Bisboch"""" Babich e Antonio Bellotta dirige Kenobisboch, un canale dedicato al retrogaming e alla diffusione della cultura del videogioco.""","""""",https://milano.corriere.it/methode_image/2019/05/30/Milano/Foto%20Milano%20-%20Trattate/13161149-kVvG-U31201044109736nkF-1224x916@Corriere-Web-Milano.jpg
59,Musica Tensostrutture,O.d’A.d’A.,Valerio Amadeo,Piazza Santa Brigida,serata,27,**27**: 21:00,-,,,,"""""","""""","""""",""""""
16,Osservazione del cielo stellato,Orbita,Lorenzo Sicignano,Giardini Regina Elena,serata,25,**25**: 23:00-24:00,"Lo squilibrio energetico (tra Terra e Spazio)
Il tasso di riscaldamento terrestre è in crescita. 
I dati rilevati da alcuni satelliti in orbita attorno alla Terra hanno rilevato un grande squilibrio tra la radiazione assorbita e quella emessa dal nostro pianeta.
Questo squilibrio sta causando gravi problemi di surriscaldamento globale.
Il nostro laboratorio si concentrerà sulle osservazioni astronomiche dal centro città per capire quanto è dannoso l’inquinamento luminoso e quello spaziale, con osservazioni dirette ai telescopi.
I gas serra, le produzioni massive delle industrie, i detriti non biodegradabili sono tra le cause principali di questo squilibrio energetico.
Inquiniamo meno il nostro pianeta ed il nostro spazio; 
Lasciamo Più Spazio alle Stelle.","The energy disequilibrium (between Earth and Space)
The rate of global warming is growing.
The data collected by some satellites orbiting the Earth have revealed a great disequilibrium between the radiation absorbed and that emitted by our planet.
This disequilibrium is causing serious global warming problems.
Our laboratory will focus on astronomical observations from the city centre to understand how harmful light and space pollution is, with direct observations to telescopes.
Greenhouse gases, massive industrial production, and non-biodegradable debris are among the main causes of this energy disequilibrium.
Let's pollute our planet and our space less;
Let's leave more room for the stars.",,,https://x.scambi.org/others_logos/flyorbita_logo.png,"""Lorenzo Sicignano è Presidente di Orbita, l’associazione che gestisce l’Osservatorio Astronomico di Perinaldo.
Divulgatore scientifico e astronomico, è di Sanremo e ha 22 anni.

Orbita nasce con lo scopo di comunicare e trasmettere la scienza e le bellezze del cosmo, in maniera più semplificata, a persone di tutte le età.
Da diversi anni le nostre guide esperte accompagnano appassionati e non, alla scoperta dello spazio, tra osservazioni astronomiche, eventi, viaggi e laboratori.
Dove c’è astronomia c’è curiosità, e dove c’è curiosità c’è Orbita!""","""Lorenzo Sicignano is the president of Orbita, the association that manages the astronomical observatory in Perinaldo.
He is a 22 years old scientific and astronomical communicator from Sanremo.
Orbita's goal is to communicate and transmit science and cosmo's beauty to people of different ages in an easy way.
For several years our guides take passionate and not to the discovery of our cosmo through astronomical observations, travels, events and workshops.
Where there's astronomy there's curiosity and where there's curiosity there's Orbita!""",""""""
11,Premiazione Dissolvenze,"Staff Scambi,,AIFA","Tommaso Marmo,Maricetta Lombardo,Monica Conversano",Piazza Santa Brigida,serata,28,**28**: 20:15-22:15,"Nella serata del 28 Agosto, alla presenza della giuria d'eccellenza, saranno proiettati i due cortometraggi vincitori della seconda edizione di Dissolvenze: i corti Scambi.","On the evening of the 28th of August , in the presence of the jury of excellence, the two winning short films of the second edition of Dissolvenze: i corti di Scambi will be screened.",,,",,https://x.scambi.org/others_logos/AIFA.jpg","Non servono descrizioni… Chi siamo è raccontato [qui](https://scambi.org/chi-siamo 'Chi siamo — Scambi Festival'),""Maricetta Lombardo è una delle più importanti professioniste del suono in Italia. Vincitrice di numerosi premi tra cui il David di Donatello nel 2009 per il film “Gomorra” di Matteo Garrone, nel 2019 per il film “Dogman” di Matteo Garrone e il Nastro d’argento 2018 per il film “L’intrusa” di Leonardo Di Costanzo."",Monica Conversano è la referente della regione Liguria dell'associazione onlus A.I.F.A che si pone come obiettivo quello di creare una rete di genitori disponibili all’ascolto e all’aiuto di persone in difficoltà nella gestione dei figli affetti da ADHD o di un familiare affetto da ADHD","No description needed. Who we are is explained on [here](https://scambi.org/about-us 'About us — Scambi Festival'),,",",https://nuvola.scambi.org/f/193183,https://nuvola.scambi.org/f/193184"
24,Proiezione <q>L’uomo che non c’era</q>,Pigna Mon Amour,Chicca Dedali,Piazza Santa Brigida,serata,25,**25**: 21:15-23:15,-,,,,https://x.scambi.org/others_logos/Pigna_Mon_Amour-1.png,"""""","""""",""""""
110,Setting the mood for the evening,AleLntr,Alessandro Lanteri,Piazza Santa Brigida,serata,26,**26**: 21:00-22:00,,,,,"""""","""""","""""",""""""
30,Sponsorizzazione Costa Ligure,Costa Ligure,Alessandro Viale,,sponsor,,,-,,,,https://x.scambi.org/others_logos/logo-costa-ligure.png,Controlla i seguenti link per saperne di più sulla storia di Cubbit.,"""""",""""""
29,Sponsorizzazione Cubbit,Cubbit,Francesco Pazzaglia,Piazza Cassini,sponsor,,,-,,,,https://x.scambi.org/others_logos/cubbit.png,"""Cubbit è il cloud distribuito. È progettato per darti privacy e sicurezza, il tutto mentre è eco-friendly. Cubbit funziona su una rete peer-to-peer di nodi distribuiti di proprietà degli utenti. Impiega la crittografia e un'architettura crittografica a conoscenza zero, in modo che nessun altro, nemmeno noi, sia in grado di accedere ai tuoi dati.
Controlla i seguenti link per saperne di più sulla storia di Cubbit.""","""""",""""""
51,Wikimedia Italia Microgrant,Wikimedia Italia,,Piazza Cassini,sponsor,,,-,,,,https://x.scambi.org/others_logos/wikimedia_italia.png,"""Wikimedia Italia – Associazione per la diffusione della conoscenza libera (WMI) è un’associazione di promozione sociale che dal 2005 opera nell’ambito della cultura libera.

Opera per diffondere la conoscenza libera e per sostenere i progetti Wikimedia, contenitori e generatori del sapere libero, come Wikipedia, l’enciclopedia libera, nonché OpenStreetMap.

Wikimedia Italia (WMI) favorisce il miglioramento e l’avanzamento del sapere e della cultura. In particolare, WMI promuove la produzione, la raccolta e la diffusione di contenuti liberi (open content), ossia di opere contrassegnate dai loro autori con una licenza libera, che ne permetta l’elaborazione e/o la diffusione gratuita per ogni scopo (anche commerciale).

L’Associazione è inoltre impegnata a diffondere la conoscenza e aumentare la consapevolezza in merito alle questioni sociali e filosofiche correlate ai temi della cultura libera e del pubblico dominio.

WMI vuole farsi promotrice di un cambiamento di mentalità che porti a capire che il miglior modo per produrre e disseminare la conoscenza è fare in modo che la maggioranza delle persone possa liberamente prendervi parte.

L’uso di licenze libere, dove chi fruisce dei contenuti non ha solo obblighi ma anche diritti, è uno dei metodi che consentono di raggiungere questo scopo.""","""""",""""""
69,CSV Polis,CSV Polis,,,sponsor tecnico,,,-,,,,"""""","""A conclusione del progetto di fusione e a partire dal 1 gennaio 2020, gli associati Csv del Ponente Ligure sono le organizzazioni di volontariato e gli altri enti del Terzo settore con sede legale nelle province di Imperia e di Savona, ai sensi del D.Lgs.117/17, che si riconoscono nel presente statuto e fanno richiesta di adesione al Consiglio Direttivo, che delibera in merito alla prima seduta utile secondo le seguenti tipologie:""","""""",""""""
119,Caffè Carruggio,Caffè Carruggio,Salvatore Grupico,,sponsor tecnico,,,,,,,https://x.scambi.org/others_logos/Caff%c3%a8%20Carruggio.jpg,"""""","""""",""""""
64,Cibo dal Conad,Conad,Daniele Campagnani,,sponsor tecnico,,,-,,,,https://x.scambi.org/others_logos/Conad_Ospedaletti.png,"""""","""""",""""""
65,Cibo dalla Coop,Coop,Sergio Crosta,,sponsor tecnico,,,-,,,,"""""","""""","""""",""""""
58,Cocoon,Cocoon,Mauro,,sponsor tecnico,,,-,,,,https://x.scambi.org/others_logos/Cocoon_logo.png,"""""","""""",""""""
115,La Bodeguita,La Bodeguita,Paolo Renda,,sponsor tecnico,,,,,,,https://nuvola.scambi.org/s/HwzHcBmY232fPTL,"""""","""""",""""""
114,La Ciotola,La Ciotola,Daniela Cassini,,sponsor tecnico,,,,,,,https://nuvola.scambi.org/s/odXsosG5SnmYGSp,"""""","""""",""""""
117,La Salsamenteria,La Salsamenteria,Olmo,,sponsor tecnico,,,,,,,https://x.scambi.org/others_logos/Salsamenteria.jpg,"""""","""""",""""""
118,Mamma Maty,Mamma Maty,,,sponsor tecnico,,,,,,,"""""","""""","""""",""""""
116,Osteria Camelot,Osteria Camelot,,,sponsor tecnico,,,,,,,https://x.scambi.org/others_logos/Osteria_Camelot.png,"""""","""""",""""""
62,Premio Internazionale Dissolvenze,Art Atèlier,Valentino Sabatini,,sponsor tecnico,,,-,,,,"""""","""""","""""",""""""
63,Premio Nazionale Dissolvenze,Foto Video Renata Roccavione,Sergio Coloretti,,sponsor tecnico,,,-,,,,"""""","""""","""""",""""""
130,Seeweb,Seeweb,Chiara Grande,,sponsor tecnico,,,,,,,https://x.scambi.org/others_logos/seeweb.png,"""Seeweb offre soluzioni cloud sostenibili e responsabili. Le loro politiche aziendali contemplano etica, inclusione e supporto a progetti per il sociale e l'ambiente. Tutte le loro server farm sono alimentate sfruttando esclusivamente energia rinnovabile al 100%.""","""Seeweb offers sustainable and responsible cloud solutions.
Their policy includes ethics, inclusion and support for social and environmental projects.
Their server farm are powered by 100% renewable energy.""",""""""
113,Urbicia Vivas,Urbicia Vivas,Nadia Paonissa,,sponsor tecnico,,,,,,,https://x.scambi.org/others_logos/Urbicia_Vivas.jpg,"""""","""""",""""""
